doctor_name,clinic,physician_count,unique_link
2 SEE OPTOMETRY,2 SEE OPTOMETRY,1,https://khannainstitute.com/2-see-optometry
17TH STREET OPTOMETRY,17TH STREET OPTOMETRY,1,https://khannainstitute.com/17th-street-optometry
,20/20 EYECARE CENTER,2,https://khannainstitute.com/20-20-eyecare-center
A+ VISION OPTOMETRY,A+ VISION OPTOMETRY,1,https://khannainstitute.com/a-vision-optometry
ACCUVISION OPTOMETRY,ACCUVISION OPTOMETRY,1,https://khannainstitute.com/accuvision-optometry
ACUITY EYE GROUP,ACUITY EYE GROUP,1,https://khannainstitute.com/acuity-eye-group
ACUITY EYE GROUP & RETINA INSTITUTE OF CALIFORNIA,ACUITY EYE GROUP & RETINA INSTITUTE OF CALIFORNIA,1,https://khannainstitute.com/acuity-eye-group-retina-institute-of-california
ACUITY EYE GROUP 360 ADVANCED VISION CENTER,ACUITY EYE GROUP 360 ADVANCED VISION CENTER,1,https://khannainstitute.com/acuity-eye-group-360-advanced-vision-center
,ADVANCED EYECARE CENTER,2,https://khannainstitute.com/advanced-eyecare-center
ADVANCED FAMILY EYE CARE,ADVANCED FAMILY EYE CARE,1,https://khannainstitute.com/advanced-family-eye-care
,ADVANCED FAMILY VISION CENTER OPTOMETRY,2,https://khannainstitute.com/advanced-family-vision-center-optometry
ADVANCED FAMILY VISION OPTOMETRY,ADVANCED FAMILY VISION OPTOMETRY,1,https://khannainstitute.com/advanced-family-vision-optometry
ADVANCED OPTOMETRY OF MISSION VIEJO,ADVANCED OPTOMETRY OF MISSION VIEJO,1,https://khannainstitute.com/advanced-optometry-of-mission-viejo
ALAMEDA FAMILY OPTOMETRY,ALAMEDA FAMILY OPTOMETRY,1,https://khannainstitute.com/alameda-family-optometry
"ALEJANDRO M ARREDONDO, O.D.","ALEJANDRO M ARREDONDO, O.D.",1,https://khannainstitute.com/alejandro-m-arredondo-o-d
ALISO NIGUEL OPTOMETRY,ALISO NIGUEL OPTOMETRY,1,https://khannainstitute.com/aliso-niguel-optometry
ALL ABOUT EYES FAMILY OPTOMETRY,ALL ABOUT EYES FAMILY OPTOMETRY,1,https://khannainstitute.com/all-about-eyes-family-optometry
ALLRED FAMILY EYE CARE OPTOMETRY,ALLRED FAMILY EYE CARE OPTOMETRY,1,https://khannainstitute.com/allred-family-eye-care-optometry
,ALPERT VISION CARE,2,https://khannainstitute.com/alpert-vision-care
,AMERICA'S BEST CONTACTS & EYEGLASSES,2,https://khannainstitute.com/americas-best-contacts-eyeglasses
"AMY T, CHU, O.D.","AMY T, CHU, O.D.",1,https://khannainstitute.com/amy-t-chu-o-d
ANAHEIM EYE INSTITUTE,ANAHEIM EYE INSTITUTE,1,https://khannainstitute.com/anaheim-eye-institute
,ANAHEIM HILLS OPTOMETRIC CENTER,2,https://khannainstitute.com/anaheim-hills-optometric-center
,ANTELOPE MALL VISION CENTER OPTOMETRY,2,https://khannainstitute.com/antelope-mall-vision-center-optometry
,ANTELOPE VALLEY FAMILY OPTOMETRY,2,https://khannainstitute.com/antelope-valley-family-optometry
,ANTELOPE VALLEY OPTOMETRIC,2,https://khannainstitute.com/antelope-valley-optometric
ARGO OPTOMETRY,ARGO OPTOMETRY,1,https://khannainstitute.com/argo-optometry
ARROW VISION CENTER OPTOMETRY,ARROW VISION CENTER OPTOMETRY,1,https://khannainstitute.com/arrow-vision-center-optometry
ATLANTIS EYE CARE,ATLANTIS EYE CARE,1,https://khannainstitute.com/atlantis-eye-care
ATTENTIVE EYE CARE,ATTENTIVE EYE CARE,1,https://khannainstitute.com/attentive-eye-care
ATTITUDE OPTOMETRY,ATTITUDE OPTOMETRY,1,https://khannainstitute.com/attitude-optometry
"AVANI J PATEL, OD","AVANI J PATEL, OD",1,https://khannainstitute.com/avani-j-patel-od
,AZUL VISION,5,https://khannainstitute.com/azul-vision
BEACH CITIES OPTOMETRY,BEACH CITIES OPTOMETRY,1,https://khannainstitute.com/beach-cities-optometry
,"BEACHSIDE OPTOMETRY, INC.",3,https://khannainstitute.com/beachside-optometry-inc
BEAR CREEK EYE CARE,BEAR CREEK EYE CARE,1,https://khannainstitute.com/bear-creek-eye-care
BEAVER MEDICAL GROUP,BEAVER MEDICAL GROUP,1,https://khannainstitute.com/beaver-medical-group
,BEL VILLAGGIO EYE CARE,2,https://khannainstitute.com/bel-villaggio-eye-care
BELMONT SHORE OPTOMETRIC,BELMONT SHORE OPTOMETRIC,1,https://khannainstitute.com/belmont-shore-optometric
BENDER OPTOMETRIC GROUP,BENDER OPTOMETRIC GROUP,1,https://khannainstitute.com/bender-optometric-group
BENJAMIN EYE INSTITUTE,BENJAMIN EYE INSTITUTE,1,https://khannainstitute.com/benjamin-eye-institute
"BEVERLY GROVE VISION CARE OPTOMETRY, INC.","BEVERLY GROVE VISION CARE OPTOMETRY, INC.",1,https://khannainstitute.com/beverly-grove-vision-care-optometry-inc
BEVERLY HILLS VISION GROUP,BEVERLY HILLS VISION GROUP,1,https://khannainstitute.com/beverly-hills-vision-group
,BEVERLY PLAZA OPTOMETRIC CENTER (INSIDE LENSCRAFTERS),2,https://khannainstitute.com/beverly-plaza-optometric-center-inside-lenscrafters
,BLACKSTONE OPTOMETRY,2,https://khannainstitute.com/blackstone-optometry
BOYS AND GIRLS CLUB - GARDEN GROVE,BOYS AND GIRLS CLUB - GARDEN GROVE,1,https://khannainstitute.com/boys-and-girls-club-garden-grove
,BRAND OPTOMETRY,4,https://khannainstitute.com/brand-optometry
BREA OPTOMETRY,BREA OPTOMETRY,1,https://khannainstitute.com/brea-optometry
"BRIAN N. HIGA, O.D. & ASSOCIATES","BRIAN N. HIGA, O.D. & ASSOCIATES",1,https://khannainstitute.com/brian-n-higa-o-d-associates
"BRUCE F. GRANT, O.D.","BRUCE F. GRANT, O.D.",1,https://khannainstitute.com/bruce-f-grant-o-d
,BUENA PARK EYECARE,2,https://khannainstitute.com/buena-park-eyecare
BUENA VISTA EYE MEDICAL CENTER,BUENA VISTA EYE MEDICAL CENTER,1,https://khannainstitute.com/buena-vista-eye-medical-center
,BUENA VISTA EYECARE,2,https://khannainstitute.com/buena-vista-eyecare
BURBANK FAMILY OPTOMETRY,BURBANK FAMILY OPTOMETRY,1,https://khannainstitute.com/burbank-family-optometry
BURBANK OPTOMETRIC CENTER INC,BURBANK OPTOMETRIC CENTER INC,1,https://khannainstitute.com/burbank-optometric-center-inc
C & K VISION OPTOMETRY,C & K VISION OPTOMETRY,1,https://khannainstitute.com/c-k-vision-optometry
,CALIFORNIA EYE SPECALISTS,2,https://khannainstitute.com/california-eye-specalists
,CALIFORNIA EYE SPECIALISTS,2,https://khannainstitute.com/california-eye-specialists
CANYON CITY EYECARE,CANYON CITY EYECARE,1,https://khannainstitute.com/canyon-city-eyecare
,CAPISTRANO VISION CENTER,2,https://khannainstitute.com/capistrano-vision-center
CARSON VISION,CARSON VISION,1,https://khannainstitute.com/carson-vision
CASA COLINA HOSPITAL AND CENTERS FOR HEALTHCARE,CASA COLINA HOSPITAL AND CENTERS FOR HEALTHCARE,1,https://khannainstitute.com/casa-colina-hospital-and-centers-for-healthcare
,CENTER FOR VISION DEVELOPMENT OPTOMETRY INC.,5,https://khannainstitute.com/center-for-vision-development-optometry-inc
CENTURY CITY OPTOMETRIC CENTER,CENTURY CITY OPTOMETRIC CENTER,1,https://khannainstitute.com/century-city-optometric-center
CENTURY CITY OPTOMETRY,CENTURY CITY OPTOMETRY,1,https://khannainstitute.com/century-city-optometry
CHAPCARE MEDICAL HEALTH CENTER,CHAPCARE MEDICAL HEALTH CENTER,1,https://khannainstitute.com/chapcare-medical-health-center
"CHARLES BITTEL III, O.D. INC.","CHARLES BITTEL III, O.D. INC.",1,https://khannainstitute.com/charles-bittel-iii-o-d-inc
,CHINO HILLS EYECARE OPTOMETRY,2,https://khannainstitute.com/chino-hills-eyecare-optometry
,CHINO OPTOMETRY CENTER,2,https://khannainstitute.com/chino-optometry-center
CITY EYES OPTOMETRY,CITY EYES OPTOMETRY,1,https://khannainstitute.com/city-eyes-optometry
,CLAREMONT OPTOMETRY GROUP,3,https://khannainstitute.com/claremont-optometry-group
,CLEAR CHOICE OPTOMETRY,2,https://khannainstitute.com/clear-choice-optometry
CLEAR SIGHT OPTOMETRY,CLEAR SIGHT OPTOMETRY,1,https://khannainstitute.com/clear-sight-optometry
,"CLIFFORD SILVERMAN, OD OPTOMETRY",2,https://khannainstitute.com/clifford-silverman-od-optometry
COAST OPTOMETRY,COAST OPTOMETRY,1,https://khannainstitute.com/coast-optometry
,COASTAL VISION CENTER,2,https://khannainstitute.com/coastal-vision-center
COASTAL VISION MEDICAL GROUP,COASTAL VISION MEDICAL GROUP,1,https://khannainstitute.com/coastal-vision-medical-group
COMMUNITY EYE CENTER OPTOMETRY,COMMUNITY EYE CENTER OPTOMETRY,1,https://khannainstitute.com/community-eye-center-optometry
,COMMUNITY VISION CENTER,2,https://khannainstitute.com/community-vision-center
COMMUNITY VISION OPTOMETRIC CENTER,COMMUNITY VISION OPTOMETRIC CENTER,1,https://khannainstitute.com/community-vision-optometric-center
CONEJO-SIMI EYE MEDICAL GROUP,CONEJO-SIMI EYE MEDICAL GROUP,1,https://khannainstitute.com/conejo-simi-eye-medical-group
CORBEN OPTOMETRY,CORBEN OPTOMETRY,1,https://khannainstitute.com/corben-optometry
CORONA OPTOMETRY,CORONA OPTOMETRY,1,https://khannainstitute.com/corona-optometry
COSTA MESA OPTOMETRY,COSTA MESA OPTOMETRY,1,https://khannainstitute.com/costa-mesa-optometry
,COSTCO OPTICAL,16,https://khannainstitute.com/costco-optical
COVINA HILLS OPTOMETRIC GROUP,COVINA HILLS OPTOMETRIC GROUP,1,https://khannainstitute.com/covina-hills-optometric-group
"CRAIG HOEFT, O.D., P.C.","CRAIG HOEFT, O.D., P.C.",1,https://khannainstitute.com/craig-hoeft-o-d-p-c
"CRUM OPTOMETRIC GROUP, INC.","CRUM OPTOMETRIC GROUP, INC.",1,https://khannainstitute.com/crum-optometric-group-inc
CRYSTAL CLEAR OPTOMETRY,CRYSTAL CLEAR OPTOMETRY,1,https://khannainstitute.com/crystal-clear-optometry
CUSTOMIZED VISION CARE,CUSTOMIZED VISION CARE,1,https://khannainstitute.com/customized-vision-care
"DAN W. GILBERT, O.D.","DAN W. GILBERT, O.D.",1,https://khannainstitute.com/dan-w-gilbert-o-d
"DEAN AMUNDSEN, OD","DEAN AMUNDSEN, OD",1,https://khannainstitute.com/dean-amundsen-od
,DEL REY OPTOMETRY,4,https://khannainstitute.com/del-rey-optometry
"DEREK R. RICE, O.D. AND ASSOCIATES","DEREK R. RICE, O.D. AND ASSOCIATES",1,https://khannainstitute.com/derek-r-rice-o-d-and-associates
DIAMOND EYE OPTOMETRY,DIAMOND EYE OPTOMETRY,1,https://khannainstitute.com/diamond-eye-optometry
DIAMOND VISION OPTOMETRY INC,DIAMOND VISION OPTOMETRY INC,1,https://khannainstitute.com/diamond-vision-optometry-inc
,DLP EYE GROUP,7,https://khannainstitute.com/dlp-eye-group
DOCTOR SILVER & TAKETA,DOCTOR SILVER & TAKETA,1,https://khannainstitute.com/doctor-silver-taketa
,DOCTORS OF OPTOMETRY,2,https://khannainstitute.com/doctors-of-optometry
"DONALD H. SPAULDING, O.D., INC.","DONALD H. SPAULDING, O.D., INC.",1,https://khannainstitute.com/donald-h-spaulding-o-d-inc
DOUGLAS W STEPHEY OD INC,DOUGLAS W STEPHEY OD INC,1,https://khannainstitute.com/douglas-w-stephey-od-inc
DOWNEY EYECARE CENTER,DOWNEY EYECARE CENTER,1,https://khannainstitute.com/downey-eyecare-center
,DOWNEY OPTOMETRIC CENTER,2,https://khannainstitute.com/downey-optometric-center
DR DAWN MILLER & ASSOCIATES,DR DAWN MILLER & ASSOCIATES,1,https://khannainstitute.com/dr-dawn-miller-associates
DR KIM'S OPTOMETRY,DR KIM'S OPTOMETRY,1,https://khannainstitute.com/dr-kims-optometry
DR ROBERT COLLINS,DR ROBERT COLLINS,1,https://khannainstitute.com/dr-robert-collins
DR. BARRY LEONARD & ASSOCIATES,DR. BARRY LEONARD & ASSOCIATES,1,https://khannainstitute.com/dr-barry-leonard-associates
DR. BASS VISION CENTER,DR. BASS VISION CENTER,1,https://khannainstitute.com/dr-bass-vision-center
"DR. BLAIR M. BALL, O.D.","DR. BLAIR M. BALL, O.D.",1,https://khannainstitute.com/dr-blair-m-ball-o-d
DR. C OPTOMETRY,DR. C OPTOMETRY,1,https://khannainstitute.com/dr-c-optometry
DR. CARLOS GREEN OPTOMETRY,DR. CARLOS GREEN OPTOMETRY,1,https://khannainstitute.com/dr-carlos-green-optometry
"DR. CAROLYN M. WONG, O.D., P.C.","DR. CAROLYN M. WONG, O.D., P.C.",1,https://khannainstitute.com/dr-carolyn-m-wong-o-d-p-c
"DR. CHARLES H. LEVY, O.D., P.C.","DR. CHARLES H. LEVY, O.D., P.C.",1,https://khannainstitute.com/dr-charles-h-levy-o-d-p-c
"DR. DAVID BUTCHERT, O.D.","DR. DAVID BUTCHERT, O.D.",1,https://khannainstitute.com/dr-david-butchert-o-d
DR. DUNCAN AND ASSOCIATES,DR. DUNCAN AND ASSOCIATES,1,https://khannainstitute.com/dr-duncan-and-associates
,DR. ELLIOT CAINE OPTOMETRY,2,https://khannainstitute.com/dr-elliot-caine-optometry
"DR. ERIC A. SAIDI, OD","DR. ERIC A. SAIDI, OD",1,https://khannainstitute.com/dr-eric-a-saidi-od
DR. FISHBERG FAMILY VISION CENTERS,DR. FISHBERG FAMILY VISION CENTERS,1,https://khannainstitute.com/dr-fishberg-family-vision-centers
DR. GARY FISHBERG OPTOMETRISTS INC.,DR. GARY FISHBERG OPTOMETRISTS INC.,1,https://khannainstitute.com/dr-gary-fishberg-optometrists-inc
"DR. GARY FISHBERG OPTOMETRISTS, INC.","DR. GARY FISHBERG OPTOMETRISTS, INC.",1,https://khannainstitute.com/dr-gary-fishberg-optometrists-inc
,DR. GARY POLAN O.D.,2,https://khannainstitute.com/dr-gary-polan-o-d
"DR. GLENN HIURA, OPTOMETRIST","DR. GLENN HIURA, OPTOMETRIST",1,https://khannainstitute.com/dr-glenn-hiura-optometrist
,DR. HERNANDEZ OPTOMETRY,12,https://khannainstitute.com/dr-hernandez-optometry
"DR. JAROM B. PARTRIDGE, O.D.","DR. JAROM B. PARTRIDGE, O.D.",1,https://khannainstitute.com/dr-jarom-b-partridge-o-d
"DR. JERRY WAKE, OPTOMETRIST","DR. JERRY WAKE, OPTOMETRIST",1,https://khannainstitute.com/dr-jerry-wake-optometrist
"DR. JONATHAN GORDING, O.D., P.C.","DR. JONATHAN GORDING, O.D., P.C.",1,https://khannainstitute.com/dr-jonathan-gording-o-d-p-c
DR. JOSEPH COHEN - WOODLAND HILLS OPTOMETRIST,DR. JOSEPH COHEN - WOODLAND HILLS OPTOMETRIST,1,https://khannainstitute.com/dr-joseph-cohen-woodland-hills-optometrist
"DR. K. LEO UYEDA, OPTOMETRIST","DR. K. LEO UYEDA, OPTOMETRIST",1,https://khannainstitute.com/dr-k-leo-uyeda-optometrist
"DR. LISA HOPKINS, O.D.","DR. LISA HOPKINS, O.D.",1,https://khannainstitute.com/dr-lisa-hopkins-o-d
"DR. LORI L. FLOYD, OPTOMETRIST","DR. LORI L. FLOYD, OPTOMETRIST",1,https://khannainstitute.com/dr-lori-l-floyd-optometrist
"DR. MARSHA HOWARD, O.D. & ASSOCIATES","DR. MARSHA HOWARD, O.D. & ASSOCIATES",1,https://khannainstitute.com/dr-marsha-howard-o-d-associates
,DR. MICHAEL KHOURY & ASSOCIATES (INSIDE COSTCO OPTICAL),2,https://khannainstitute.com/dr-michael-khoury-associates-inside-costco-optical
DR. MICHELE A. ROGERS OPTOMETRIST,DR. MICHELE A. ROGERS OPTOMETRIST,1,https://khannainstitute.com/dr-michele-a-rogers-optometrist
DR. MICHELLE A. ROGERS OPTOMETRIST,DR. MICHELLE A. ROGERS OPTOMETRIST,1,https://khannainstitute.com/dr-michelle-a-rogers-optometrist
DR. NANCY IMAMOTO OPTOMETRY,DR. NANCY IMAMOTO OPTOMETRY,1,https://khannainstitute.com/dr-nancy-imamoto-optometry
DR. PHI DOAN OPTOMETRY,DR. PHI DOAN OPTOMETRY,1,https://khannainstitute.com/dr-phi-doan-optometry
,"DR. RICHLIN, O.D. & ASSOCIATES",3,https://khannainstitute.com/dr-richlin-o-d-associates
"DR. SEYMOUR BESEM, O.D.","DR. SEYMOUR BESEM, O.D.",1,https://khannainstitute.com/dr-seymour-besem-o-d
"DR. SO, OPTOMETRIST","DR. SO, OPTOMETRIST",1,https://khannainstitute.com/dr-so-optometrist
"DR. TOM FUNNELL, OPTOMETRIST","DR. TOM FUNNELL, OPTOMETRIST",1,https://khannainstitute.com/dr-tom-funnell-optometrist
,DRS BALFOUR & SHAPIRO OPTOMETRY,2,https://khannainstitute.com/drs-balfour-shapiro-optometry
,"DRS. JOANNE AND TEM GRONQUIST, INC.",2,https://khannainstitute.com/drs-joanne-and-tem-gronquist-inc
,"DRS. ROBERT STAHL & AMY CALDER, OPTOMETRISTS",2,https://khannainstitute.com/drs-robert-stahl-amy-calder-optometrists
EAGLE GLEN OPTOMETRY,EAGLE GLEN OPTOMETRY,1,https://khannainstitute.com/eagle-glen-optometry
,EAGLE VIEW OPTOMETRY,2,https://khannainstitute.com/eagle-view-optometry
EAST LA VISION CENTER,EAST LA VISION CENTER,1,https://khannainstitute.com/east-la-vision-center
EAST VENTURA OPTOMETRY,EAST VENTURA OPTOMETRY,1,https://khannainstitute.com/east-ventura-optometry
EL MONTE OPTOMETRY,EL MONTE OPTOMETRY,1,https://khannainstitute.com/el-monte-optometry
EL PORTAL OPTOMETRY,EL PORTAL OPTOMETRY,1,https://khannainstitute.com/el-portal-optometry
EL SEGUNDO EYECARE,EL SEGUNDO EYECARE,1,https://khannainstitute.com/el-segundo-eyecare
EL SEGUNDO OPTOMETRY,EL SEGUNDO OPTOMETRY,1,https://khannainstitute.com/el-segundo-optometry
ELANDER EYE CARE,ELANDER EYE CARE,1,https://khannainstitute.com/elander-eye-care
,ENCINO OPTOMETRIC CENTER,2,https://khannainstitute.com/encino-optometric-center
"ERIC J. KAWATA, O.D., INC.","ERIC J. KAWATA, O.D., INC.",1,https://khannainstitute.com/eric-j-kawata-o-d-inc
EXPRESS OPTICAL,EXPRESS OPTICAL,1,https://khannainstitute.com/express-optical
,EYE & VISION CARE,3,https://khannainstitute.com/eye-vision-care
,EYE CARE OPTOMETRY,2,https://khannainstitute.com/eye-care-optometry
,EYE CARE RIVIERA OPTOMETRIC GROUP,2,https://khannainstitute.com/eye-care-riviera-optometric-group
EYE CLINIC AT RSBCIHI - MORONGO INDIAN HEALTH CLINIC,EYE CLINIC AT RSBCIHI - MORONGO INDIAN HEALTH CLINIC,1,https://khannainstitute.com/eye-clinic-at-rsbcihi-morongo-indian-health-clinic
EYE LOVE OPTICAL,EYE LOVE OPTICAL,1,https://khannainstitute.com/eye-love-optical
EYE ON DESIGN OPTOMETRY,EYE ON DESIGN OPTOMETRY,1,https://khannainstitute.com/eye-on-design-optometry
EYE PHYSICAN OF LONG BEACH,EYE PHYSICAN OF LONG BEACH,1,https://khannainstitute.com/eye-physican-of-long-beach
EYE Q. OPTOMETRY INC,EYE Q. OPTOMETRY INC,1,https://khannainstitute.com/eye-q-optometry-inc
EYE TO EYE OPTOMETRY,EYE TO EYE OPTOMETRY,1,https://khannainstitute.com/eye-to-eye-optometry
EYECARE ASSOCIATES OPTOMETRIC GROUP,EYECARE ASSOCIATES OPTOMETRIC GROUP,1,https://khannainstitute.com/eyecare-associates-optometric-group
EYECARE UNLIMITED,EYECARE UNLIMITED,1,https://khannainstitute.com/eyecare-unlimited
EYECARE VISION OPTOMETRY,EYECARE VISION OPTOMETRY,1,https://khannainstitute.com/eyecare-vision-optometry
EYECON OPTOMETRY,EYECON OPTOMETRY,1,https://khannainstitute.com/eyecon-optometry
EYEDEAL VISION OPTOMETRY,EYEDEAL VISION OPTOMETRY,1,https://khannainstitute.com/eyedeal-vision-optometry
,EYEGEN VISION CENTER,2,https://khannainstitute.com/eyegen-vision-center
EYESITE OPTOMETRIC GROUP,EYESITE OPTOMETRIC GROUP,1,https://khannainstitute.com/eyesite-optometric-group
,EYESITE OPTOMETRY,5,https://khannainstitute.com/eyesite-optometry
FACEY MEDICAL,FACEY MEDICAL,1,https://khannainstitute.com/facey-medical
FAMILY EYECARE CENTER OF OPTOMETRY,FAMILY EYECARE CENTER OF OPTOMETRY,1,https://khannainstitute.com/family-eyecare-center-of-optometry
FAMILY EYECARE OPTOMETRY OF HEMET,FAMILY EYECARE OPTOMETRY OF HEMET,1,https://khannainstitute.com/family-eyecare-optometry-of-hemet
,FAMILY OPTOMETRIC GROUP,3,https://khannainstitute.com/family-optometric-group
FAMILY OPTOMETRY CENTER OF CAMARILLO,FAMILY OPTOMETRY CENTER OF CAMARILLO,1,https://khannainstitute.com/family-optometry-center-of-camarillo
FAMILY OPTOMETRY OF WALNUT,FAMILY OPTOMETRY OF WALNUT,1,https://khannainstitute.com/family-optometry-of-walnut
,FAMILY VISION CARE OPTOMETRY,2,https://khannainstitute.com/family-vision-care-optometry
FAMILY VISION CENTER,FAMILY VISION CENTER,1,https://khannainstitute.com/family-vision-center
FEINERMAN VISION,FEINERMAN VISION,1,https://khannainstitute.com/feinerman-vision
,FOCAL POINT OPTOMETRY,3,https://khannainstitute.com/focal-point-optometry
,FOCUS VISION OPTOMETRIC CENTER,2,https://khannainstitute.com/focus-vision-optometric-center
FOCUS VISION OPTOMETRY,FOCUS VISION OPTOMETRY,1,https://khannainstitute.com/focus-vision-optometry
,FOOTHILL OPTOMETRIC CENTER,2,https://khannainstitute.com/foothill-optometric-center
FREESTONE OPTOMETRIC CENTER,FREESTONE OPTOMETRIC CENTER,1,https://khannainstitute.com/freestone-optometric-center
,FRIEDMAN OPTOMETRY,8,https://khannainstitute.com/friedman-optometry
FUNZONE! VISION,FUNZONE! VISION,1,https://khannainstitute.com/funzone-vision
,GARDEN GROVE OPTOMETRY,2,https://khannainstitute.com/garden-grove-optometry
GAREY VISION CENTER,GAREY VISION CENTER,1,https://khannainstitute.com/garey-vision-center
,"GARY L. ETTING, O.D., FCOVD",2,https://khannainstitute.com/gary-l-etting-o-d-fcovd
"GLENDA B. SECOR, OD, FAAO, INC","GLENDA B. SECOR, OD, FAAO, INC",1,https://khannainstitute.com/glenda-b-secor-od-faao-inc
,GLENDALE OPTOMETRIC CENTER,2,https://khannainstitute.com/glendale-optometric-center
,GOLDEN OPTOMETRIC GROUP,11,https://khannainstitute.com/golden-optometric-group
GOLDEN STATE OPTOMETRY SERVICES,GOLDEN STATE OPTOMETRY SERVICES,1,https://khannainstitute.com/golden-state-optometry-services
GOLDEN VISION,GOLDEN VISION,1,https://khannainstitute.com/golden-vision
GOLDEN VISION OPTOMETRY,GOLDEN VISION OPTOMETRY,1,https://khannainstitute.com/golden-vision-optometry
,GRANADA HILLS OPTOMETRY CENTER,2,https://khannainstitute.com/granada-hills-optometry-center
,GREENLEAF OPTOMETRY,2,https://khannainstitute.com/greenleaf-optometry
GREG PEARL OD AND ASSOCIATES,GREG PEARL OD AND ASSOCIATES,1,https://khannainstitute.com/greg-pearl-od-and-associates
,GRIFFIN OPTOMETRIC GROUP,4,https://khannainstitute.com/griffin-optometric-group
HAWTHORNE OPTOMETRY,HAWTHORNE OPTOMETRY,1,https://khannainstitute.com/hawthorne-optometry
HIGH DESERT INSTITUTE OF OPHTHALMOLOGY,HIGH DESERT INSTITUTE OF OPHTHALMOLOGY,1,https://khannainstitute.com/high-desert-institute-of-ophthalmology
HIGHLAND OPTOMETRICS,HIGHLAND OPTOMETRICS,1,https://khannainstitute.com/highland-optometrics
HODES VISION OPTOMETRY,HODES VISION OPTOMETRY,1,https://khannainstitute.com/hodes-vision-optometry
HOEY SHEM OPTOMETRY,HOEY SHEM OPTOMETRY,1,https://khannainstitute.com/hoey-shem-optometry
HOFACRE OPTOMETRIC CORP & DRY EYE CARE (IN COSTCO OPTICAL),HOFACRE OPTOMETRIC CORP & DRY EYE CARE (IN COSTCO OPTICAL),1,https://khannainstitute.com/hofacre-optometric-corp-dry-eye-care-in-costco-optical
HOLLYWOOD OPTOMETRY,HOLLYWOOD OPTOMETRY,1,https://khannainstitute.com/hollywood-optometry
HOLLYWOOD VERMONT OPTOMETRICS,HOLLYWOOD VERMONT OPTOMETRICS,1,https://khannainstitute.com/hollywood-vermont-optometrics
HOVSEPYAN FAMILY OPTOMETRY,HOVSEPYAN FAMILY OPTOMETRY,1,https://khannainstitute.com/hovsepyan-family-optometry
HUNTINGTON FAMILY OPTOMETRY,HUNTINGTON FAMILY OPTOMETRY,1,https://khannainstitute.com/huntington-family-optometry
,HUNTINGTON OPTOMETRIC CENTER,2,https://khannainstitute.com/huntington-optometric-center
I VISION OPTOMETRY,I VISION OPTOMETRY,1,https://khannainstitute.com/i-vision-optometry
"I-SIGHT OPTOMETRIC CENTER, INC.","I-SIGHT OPTOMETRIC CENTER, INC.",1,https://khannainstitute.com/i-sight-optometric-center-inc
,IKEDA OPTOMETRY,2,https://khannainstitute.com/ikeda-optometry
,IN VIEW OPTOMETRY,2,https://khannainstitute.com/in-view-optometry
,INGLEWOOD OPTOMETRIC CENTER,3,https://khannainstitute.com/inglewood-optometric-center
INLAND EYE LASIK,INLAND EYE LASIK,1,https://khannainstitute.com/inland-eye-lasik
,INLAND EYE SPECIALISTS,2,https://khannainstitute.com/inland-eye-specialists
INLAND VISION CENTER OPTOMETRY,INLAND VISION CENTER OPTOMETRY,1,https://khannainstitute.com/inland-vision-center-optometry
,INSIGHT VISION CENTER OPTOMETRY,3,https://khannainstitute.com/insight-vision-center-optometry
"J. SCOTT FLEMING, O.D.","J. SCOTT FLEMING, O.D.",1,https://khannainstitute.com/j-scott-fleming-o-d
JACKMAN OPTOMETRY,JACKMAN OPTOMETRY,1,https://khannainstitute.com/jackman-optometry
JACKSON MEDICAL GROUP,JACKSON MEDICAL GROUP,1,https://khannainstitute.com/jackson-medical-group
"JAMBOREE OPTOMETRY, INC.","JAMBOREE OPTOMETRY, INC.",1,https://khannainstitute.com/jamboree-optometry-inc
"JAMES L. COOPERMAN, O.D.","JAMES L. COOPERMAN, O.D.",1,https://khannainstitute.com/james-l-cooperman-o-d
"JASON H. NAKAGAWA, OD","JASON H. NAKAGAWA, OD",1,https://khannainstitute.com/jason-h-nakagawa-od
,JCPENNEY OPTICAL,2,https://khannainstitute.com/jcpenney-optical
"JEFFREY H. BROWN, O.D.","JEFFREY H. BROWN, O.D.",1,https://khannainstitute.com/jeffrey-h-brown-o-d
JEWEL CITY OPTOMETRY,JEWEL CITY OPTOMETRY,1,https://khannainstitute.com/jewel-city-optometry
,"JOHN E. MAANUM, O.D.",2,https://khannainstitute.com/john-e-maanum-o-d
"JOHN S ROSSI, OD","JOHN S ROSSI, OD",1,https://khannainstitute.com/john-s-rossi-od
JUDY HUANG OPTOMETRY,JUDY HUANG OPTOMETRY,1,https://khannainstitute.com/judy-huang-optometry
,KAISER PERMANENTE,4,https://khannainstitute.com/kaiser-permanente
,KAISER PERMANENTE FONTANA MEDICAL CENTER,2,https://khannainstitute.com/kaiser-permanente-fontana-medical-center
,KAISER PERMANENTE SOUTH BAY MEDICAL CENTER,2,https://khannainstitute.com/kaiser-permanente-south-bay-medical-center
,KAISER PERMANENTE WOODLAND HILLS MEDICAL CENTER,3,https://khannainstitute.com/kaiser-permanente-woodland-hills-medical-center
"KATHLEEN ANDERSEN, OD","KATHLEEN ANDERSEN, OD",1,https://khannainstitute.com/kathleen-andersen-od
,KELLER EYE ASSOCIATES,3,https://khannainstitute.com/keller-eye-associates
KEVIN HIRANO OPTOMETRIC CORP.,KEVIN HIRANO OPTOMETRIC CORP.,1,https://khannainstitute.com/kevin-hirano-optometric-corp
KHEIR CLINIC,KHEIR CLINIC,1,https://khannainstitute.com/kheir-clinic
"KIETH J. BURKART, O.D., P.C.","KIETH J. BURKART, O.D., P.C.",1,https://khannainstitute.com/kieth-j-burkart-o-d-p-c
KNOLL FAMILY OPTOMETRY,KNOLL FAMILY OPTOMETRY,1,https://khannainstitute.com/knoll-family-optometry
,KURATA EYECARE CENTER,2,https://khannainstitute.com/kurata-eyecare-center
KW OPTOMETRIC EYE CARE (INSIDE TARGET OPTICAL),KW OPTOMETRIC EYE CARE (INSIDE TARGET OPTICAL),1,https://khannainstitute.com/kw-optometric-eye-care-inside-target-optical
L.A. EYEWORKS,L.A. EYEWORKS,1,https://khannainstitute.com/l-a-eyeworks
LA CANADA EYE CARE OPTOMETRY,LA CANADA EYE CARE OPTOMETRY,1,https://khannainstitute.com/la-canada-eye-care-optometry
LA EYE CENTER & CLINIC,LA EYE CENTER & CLINIC,1,https://khannainstitute.com/la-eye-center-clinic
LA EYE MEDICAL GROUP,LA EYE MEDICAL GROUP,1,https://khannainstitute.com/la-eye-medical-group
LA PAZ OPTOMETRIC CENTER,LA PAZ OPTOMETRIC CENTER,1,https://khannainstitute.com/la-paz-optometric-center
LA PUENTE OPTOMETRY CENTER,LA PUENTE OPTOMETRY CENTER,1,https://khannainstitute.com/la-puente-optometry-center
LA VERNE OPTOMETRY,LA VERNE OPTOMETRY,1,https://khannainstitute.com/la-verne-optometry
,LAGUNA EYE CARE OPTOMETRY,3,https://khannainstitute.com/laguna-eye-care-optometry
"LAGUNA EYES OPTOMETRY, P.C.","LAGUNA EYES OPTOMETRY, P.C.",1,https://khannainstitute.com/laguna-eyes-optometry-p-c
LAGUNA NIGUEL OPTOMETRY,LAGUNA NIGUEL OPTOMETRY,1,https://khannainstitute.com/laguna-niguel-optometry
LARCHMONT OPTOMETRICS,LARCHMONT OPTOMETRICS,1,https://khannainstitute.com/larchmont-optometrics
LAWRENCE G SIMONS OD OPTOMETRY,LAWRENCE G SIMONS OD OPTOMETRY,1,https://khannainstitute.com/lawrence-g-simons-od-optometry
,LENSCRAFTERS,10,https://khannainstitute.com/lenscrafters
LENSCRAFTERS (EXAMS BY EYEDEOLOGY),LENSCRAFTERS (EXAMS BY EYEDEOLOGY),1,https://khannainstitute.com/lenscrafters-exams-by-eyedeology
,LINDEN OPTOMETRY,4,https://khannainstitute.com/linden-optometry
LOBUE LASER & EYE MEDICAL CENTER,LOBUE LASER & EYE MEDICAL CENTER,1,https://khannainstitute.com/lobue-laser-eye-medical-center
LOMA LINDA OPTOMETRY,LOMA LINDA OPTOMETRY,1,https://khannainstitute.com/loma-linda-optometry
LOMA LINDA UNIV CHILDREN'S HOSPITAL PEDIATRIC SPECIALTY CLIN,LOMA LINDA UNIV CHILDREN'S HOSPITAL PEDIATRIC SPECIALTY CLIN,1,https://khannainstitute.com/loma-linda-univ-childrens-hospital-pediatric-specialty-clin
LOMA LINDA UNIVERSITY FACULTY MEDICAL CLINICS,LOMA LINDA UNIVERSITY FACULTY MEDICAL CLINICS,1,https://khannainstitute.com/loma-linda-university-faculty-medical-clinics
LONG BEACH FAMILY OPTOMETRY,LONG BEACH FAMILY OPTOMETRY,1,https://khannainstitute.com/long-beach-family-optometry
LONG BEACH OPTOMETRIC GROUP INC,LONG BEACH OPTOMETRIC GROUP INC,1,https://khannainstitute.com/long-beach-optometric-group-inc
"LORRETTA LI, O.D.","LORRETTA LI, O.D.",1,https://khannainstitute.com/lorretta-li-o-d
LOS ANGELES CHRISTIAN HEALTH CENTERS,LOS ANGELES CHRISTIAN HEALTH CENTERS,1,https://khannainstitute.com/los-angeles-christian-health-centers
,LOS ANGELES EYECARE OPTOMETRY GROUP,2,https://khannainstitute.com/los-angeles-eyecare-optometry-group
LOS ANGELES VA CLINIC,LOS ANGELES VA CLINIC,1,https://khannainstitute.com/los-angeles-va-clinic
LUNA OPTOMETRY,LUNA OPTOMETRY,1,https://khannainstitute.com/luna-optometry
LUXE OPTOMETRY,LUXE OPTOMETRY,1,https://khannainstitute.com/luxe-optometry
MAIN PLACE OPTOMETRY,MAIN PLACE OPTOMETRY,1,https://khannainstitute.com/main-place-optometry
,MAISON OPTIQUE OPTOMETRIC CENTER,2,https://khannainstitute.com/maison-optique-optometric-center
MALONEY-SHAMIE VISION INSTITUTE,MALONEY-SHAMIE VISION INSTITUTE,1,https://khannainstitute.com/maloney-shamie-vision-institute
,MANHATTAN BEACH VISION GROUP,2,https://khannainstitute.com/manhattan-beach-vision-group
MANHATTAN EYE OPTOMETRY,MANHATTAN EYE OPTOMETRY,1,https://khannainstitute.com/manhattan-eye-optometry
MELISSA CHONG OD & DAVID CARLTON OD,MELISSA CHONG OD & DAVID CARLTON OD,1,https://khannainstitute.com/melissa-chong-od-david-carlton-od
MENIFEE LAKES OPTOMETRY,MENIFEE LAKES OPTOMETRY,1,https://khannainstitute.com/menifee-lakes-optometry
"MERCEDEH MOTAMENI, O.D., FAAO","MERCEDEH MOTAMENI, O.D., FAAO",1,https://khannainstitute.com/mercedeh-motameni-o-d-faao
MEZMER-EYEZ OPTOMETRY,MEZMER-EYEZ OPTOMETRY,1,https://khannainstitute.com/mezmer-eyez-optometry
,"MICHAEL B. KHOURY, O.D., INC (INSIDE COSTCO OPTICAL)",2,https://khannainstitute.com/michael-b-khoury-o-d-inc-inside-costco-optical
MILLER OPTOMETRY,MILLER OPTOMETRY,1,https://khannainstitute.com/miller-optometry
,MIRAMAR EYE SPECIALISTS MEDICAL GROUP,5,https://khannainstitute.com/miramar-eye-specialists-medical-group
MISSION FAMILY OPTOMETRY,MISSION FAMILY OPTOMETRY,1,https://khannainstitute.com/mission-family-optometry
MODERN EYES OPTOMETRY,MODERN EYES OPTOMETRY,1,https://khannainstitute.com/modern-eyes-optometry
MODERN EYEWEAR OPTOMETRY,MODERN EYEWEAR OPTOMETRY,1,https://khannainstitute.com/modern-eyewear-optometry
MODERN OPTOMETRY,MODERN OPTOMETRY,1,https://khannainstitute.com/modern-optometry
,MONJI OPTOMETRY,2,https://khannainstitute.com/monji-optometry
MONROVIA VISION OPTOMETRY,MONROVIA VISION OPTOMETRY,1,https://khannainstitute.com/monrovia-vision-optometry
MONTROSE OPTOMETRY,MONTROSE OPTOMETRY,1,https://khannainstitute.com/montrose-optometry
MOORE OPTOMETRY,MOORE OPTOMETRY,1,https://khannainstitute.com/moore-optometry
MORENO VALLEY OPTOMETRY,MORENO VALLEY OPTOMETRY,1,https://khannainstitute.com/moreno-valley-optometry
MURATA EYECARE,MURATA EYECARE,1,https://khannainstitute.com/murata-eyecare
"NANAR HOVASAPIAN, O.D.","NANAR HOVASAPIAN, O.D.",1,https://khannainstitute.com/nanar-hovasapian-o-d
NEW VISION OPTOMETRY,NEW VISION OPTOMETRY,1,https://khannainstitute.com/new-vision-optometry
NORTH TUSTIN OPTOMETRIC CENTER,NORTH TUSTIN OPTOMETRIC CENTER,1,https://khannainstitute.com/north-tustin-optometric-center
NORWALK FAMILY OPTOMETRY,NORWALK FAMILY OPTOMETRY,1,https://khannainstitute.com/norwalk-family-optometry
,NVISION EYE CENTERS,2,https://khannainstitute.com/nvision-eye-centers
OAKBROOK OPTOMETRY,OAKBROOK OPTOMETRY,1,https://khannainstitute.com/oakbrook-optometry
OC EYE DESIGNS OPTOMETRY,OC EYE DESIGNS OPTOMETRY,1,https://khannainstitute.com/oc-eye-designs-optometry
OC OPTOMETRY GROUP,OC OPTOMETRY GROUP,1,https://khannainstitute.com/oc-optometry-group
OC SURGICAL,OC SURGICAL,1,https://khannainstitute.com/oc-surgical
OCEAN PARK OPTOMETRY,OCEAN PARK OPTOMETRY,1,https://khannainstitute.com/ocean-park-optometry
OLD TOWNE OPTOMETRY,OLD TOWNE OPTOMETRY,1,https://khannainstitute.com/old-towne-optometry
,OLIVE VIEW - UCLA MEDICAL CENTER,2,https://khannainstitute.com/olive-view-ucla-medical-center
"OLYMPIC OPTOMETRIC CENTER, INC., A PROFESSIONAL CORPORATION","OLYMPIC OPTOMETRIC CENTER, INC., A PROFESSIONAL CORPORATION",1,https://khannainstitute.com/olympic-optometric-center-inc-a-professional-corporation
OPHTHALMOLOGY CONSULTANTS OF ORANGE COUNTY,OPHTHALMOLOGY CONSULTANTS OF ORANGE COUNTY,1,https://khannainstitute.com/ophthalmology-consultants-of-orange-county
OPTICAL CONNECTION,OPTICAL CONNECTION,1,https://khannainstitute.com/optical-connection
OPTIHEALTH OPTOMETRY,OPTIHEALTH OPTOMETRY,1,https://khannainstitute.com/optihealth-optometry
OPTOMETRIC CENTER OF MORENO VALLEY,OPTOMETRIC CENTER OF MORENO VALLEY,1,https://khannainstitute.com/optometric-center-of-moreno-valley
,OPTOMETRIC GROUP OF FONTANA,3,https://khannainstitute.com/optometric-group-of-fontana
OPTOMETRIC GROUP OF RANCHO CUCAMONGA,OPTOMETRIC GROUP OF RANCHO CUCAMONGA,1,https://khannainstitute.com/optometric-group-of-rancho-cucamonga
,OPTOMETRIC GROUP OF UPLAND - DOWNTOWN,2,https://khannainstitute.com/optometric-group-of-upland-downtown
OPTOMETRIC PRACTICE,OPTOMETRIC PRACTICE,1,https://khannainstitute.com/optometric-practice
OPTOMETRIC VISION CARE ASSOCIATES,OPTOMETRIC VISION CARE ASSOCIATES,1,https://khannainstitute.com/optometric-vision-care-associates
OPTOMETRIC VISION CENTER,OPTOMETRIC VISION CENTER,1,https://khannainstitute.com/optometric-vision-center
OPTOMETRIC VISION CENTER OF CLAREMONT,OPTOMETRIC VISION CENTER OF CLAREMONT,1,https://khannainstitute.com/optometric-vision-center-of-claremont
OPTOMETRIC VISION EXPERIENCE,OPTOMETRIC VISION EXPERIENCE,1,https://khannainstitute.com/optometric-vision-experience
OPTOMETRICS OF CHATSWORTH,OPTOMETRICS OF CHATSWORTH,1,https://khannainstitute.com/optometrics-of-chatsworth
,OPTOMETRIX,4,https://khannainstitute.com/optometrix
,OPTOMETRY CARE SANTA BARBARA,2,https://khannainstitute.com/optometry-care-santa-barbara
,OPTOMETRY CORNER,2,https://khannainstitute.com/optometry-corner
OPTX OPTOMETRY,OPTX OPTOMETRY,1,https://khannainstitute.com/optx-optometry
ORANGE COUNTY EYECARE OPTOMETRY,ORANGE COUNTY EYECARE OPTOMETRY,1,https://khannainstitute.com/orange-county-eyecare-optometry
ORANGE COUNTY OPTOMETRIC GROUP,ORANGE COUNTY OPTOMETRIC GROUP,1,https://khannainstitute.com/orange-county-optometric-group
ORANGE COUNTY VISION CENTER,ORANGE COUNTY VISION CENTER,1,https://khannainstitute.com/orange-county-vision-center
,PACIFIC EYE INSTITUTE,2,https://khannainstitute.com/pacific-eye-institute
,PACIFIC EYECARE,3,https://khannainstitute.com/pacific-eyecare
,PALOS VERDES FAMILY VISION,5,https://khannainstitute.com/palos-verdes-family-vision
PARTNERS PACIFIC OPTOMETRY,PARTNERS PACIFIC OPTOMETRY,1,https://khannainstitute.com/partners-pacific-optometry
,PASADENA OPTOMETRY CENTER,2,https://khannainstitute.com/pasadena-optometry-center
,PAUL S. CRIMSON OD INC,2,https://khannainstitute.com/paul-s-crimson-od-inc
PEREZ VISION,PEREZ VISION,1,https://khannainstitute.com/perez-vision
,PHELAN FAMILY EYECARE,2,https://khannainstitute.com/phelan-family-eyecare
PICO RIVERA OPTOMETRIC CENTER,PICO RIVERA OPTOMETRIC CENTER,1,https://khannainstitute.com/pico-rivera-optometric-center
,PLAZA VISION OPTOMETRY,2,https://khannainstitute.com/plaza-vision-optometry
PORTER RANCH OPTOMETRY,PORTER RANCH OPTOMETRY,1,https://khannainstitute.com/porter-ranch-optometry
POSITIVE EYE ONS OPTOMETRY,POSITIVE EYE ONS OPTOMETRY,1,https://khannainstitute.com/positive-eye-ons-optometry
PRECISION VISION OPTOMETRY,PRECISION VISION OPTOMETRY,1,https://khannainstitute.com/precision-vision-optometry
PREMIER VISION OPTOMETRY,PREMIER VISION OPTOMETRY,1,https://khannainstitute.com/premier-vision-optometry
PRICE'S TARGET OPTICAL,PRICE'S TARGET OPTICAL,1,https://khannainstitute.com/prices-target-optical
,PRIVATE EYES OPTOMETRY,2,https://khannainstitute.com/private-eyes-optometry
,PROFESSIONAL VISION CARE ASSOCIATES,2,https://khannainstitute.com/professional-vision-care-associates
PROJECT EYECARE OPTOMETRY,PROJECT EYECARE OPTOMETRY,1,https://khannainstitute.com/project-eyecare-optometry
PROVIEW EYE CARE OPTOMETRY,PROVIEW EYE CARE OPTOMETRY,1,https://khannainstitute.com/proview-eye-care-optometry
RAD OPTOMETRIC CARE INC.(INSIDE LENSCRAFTERS),RAD OPTOMETRIC CARE INC.(INSIDE LENSCRAFTERS),1,https://khannainstitute.com/rad-optometric-care-inc-inside-lenscrafters
RANCHO CUCAMONGA OPTOMETRIC CENTER,RANCHO CUCAMONGA OPTOMETRIC CENTER,1,https://khannainstitute.com/rancho-cucamonga-optometric-center
,"REDLANDS OPTOMETRY GROUP, INC",2,https://khannainstitute.com/redlands-optometry-group-inc
REDWOOD SAGE PC,REDWOOD SAGE PC,1,https://khannainstitute.com/redwood-sage-pc
RIALTO OPTOMETRIC CENTER,RIALTO OPTOMETRIC CENTER,1,https://khannainstitute.com/rialto-optometric-center
"RICHARD HOFFMAN, O.D.","RICHARD HOFFMAN, O.D.",1,https://khannainstitute.com/richard-hoffman-o-d
"RICHARD J. MIYAMOTO, O.D.","RICHARD J. MIYAMOTO, O.D.",1,https://khannainstitute.com/richard-j-miyamoto-o-d
RIVERSIDE MEDICAL CENTER,RIVERSIDE MEDICAL CENTER,1,https://khannainstitute.com/riverside-medical-center
,RIVIERA VILLAGE OPTOMETRY,2,https://khannainstitute.com/riviera-village-optometry
"ROBERT J. GRAHAM, O.D., INC.","ROBERT J. GRAHAM, O.D., INC.",1,https://khannainstitute.com/robert-j-graham-o-d-inc
ROBERTSON OPTOMETRY,ROBERTSON OPTOMETRY,1,https://khannainstitute.com/robertson-optometry
RUNWAY OPTOMETRY,RUNWAY OPTOMETRY,1,https://khannainstitute.com/runway-optometry
SALUD VISTA OPTOMETRY,SALUD VISTA OPTOMETRY,1,https://khannainstitute.com/salud-vista-optometry
SAMARITANA MEDICAL CLINIC,SAMARITANA MEDICAL CLINIC,1,https://khannainstitute.com/samaritana-medical-clinic
SAN DIMAS OPTOMETRY,SAN DIMAS OPTOMETRY,1,https://khannainstitute.com/san-dimas-optometry
SAN GABRIEL FAMILY OPTOMETRY,SAN GABRIEL FAMILY OPTOMETRY,1,https://khannainstitute.com/san-gabriel-family-optometry
,SAN MANUEL INDIAN HEALTH CLINIC,3,https://khannainstitute.com/san-manuel-indian-health-clinic
SAN PEDRO EYE CARE,SAN PEDRO EYE CARE,1,https://khannainstitute.com/san-pedro-eye-care
SAN PEDRO OPTOMETRY,SAN PEDRO OPTOMETRY,1,https://khannainstitute.com/san-pedro-optometry
"SANDRA L STEVENS, O.D.","SANDRA L STEVENS, O.D.",1,https://khannainstitute.com/sandra-l-stevens-o-d
SANSUM CLINIC OPTOMETRY,SANSUM CLINIC OPTOMETRY,1,https://khannainstitute.com/sansum-clinic-optometry
SANTA CLARITA VISION CENTER,SANTA CLARITA VISION CENTER,1,https://khannainstitute.com/santa-clarita-vision-center
,SCEI | SOUTHERN CALIFORNIA EYE INSTITUTE,2,https://khannainstitute.com/scei-southern-california-eye-institute
,SEAL BEACH EYES,2,https://khannainstitute.com/seal-beach-eyes
SEE 20/20 OPTOMETRY,SEE 20/20 OPTOMETRY,1,https://khannainstitute.com/see-20-20-optometry
,SEE BREEZE OPTOMETRY,2,https://khannainstitute.com/see-breeze-optometry
,SEEK VISION OPTOMETRY,2,https://khannainstitute.com/seek-vision-optometry
,SEPULVEDA VA AMBULATORY CARE CTR,3,https://khannainstitute.com/sepulveda-va-ambulatory-care-ctr
SERVE THE PEOPLE,SERVE THE PEOPLE,1,https://khannainstitute.com/serve-the-people
,SIMPSON AND MANN OPTOMETRY,2,https://khannainstitute.com/simpson-and-mann-optometry
"SNYDER OPTOMETRY, INC.","SNYDER OPTOMETRY, INC.",1,https://khannainstitute.com/snyder-optometry-inc
SOUTH BAY EYE CARE OPTOMETRY,SOUTH BAY EYE CARE OPTOMETRY,1,https://khannainstitute.com/south-bay-eye-care-optometry
SOUTH BAY EYE INSTITUTE,SOUTH BAY EYE INSTITUTE,1,https://khannainstitute.com/south-bay-eye-institute
,SOUTH BAY OPTOMETRY,2,https://khannainstitute.com/south-bay-optometry
,SOUTH COAST OPTOMETRIC GROUP,2,https://khannainstitute.com/south-coast-optometric-group
SOUTH COAST OPTOMETRY,SOUTH COAST OPTOMETRY,1,https://khannainstitute.com/south-coast-optometry
,SOUTH GATE OPTOMETRY,4,https://khannainstitute.com/south-gate-optometry
SOUTH PASADENA EYE CARE OPTOMETRY,SOUTH PASADENA EYE CARE OPTOMETRY,1,https://khannainstitute.com/south-pasadena-eye-care-optometry
,SOUTH PASADENA OPTOMETRIC GROUP,3,https://khannainstitute.com/south-pasadena-optometric-group
,SPECTRUM EYECARE OPTOMETRY,2,https://khannainstitute.com/spectrum-eyecare-optometry
SPEX OPTOMETRY,SPEX OPTOMETRY,1,https://khannainstitute.com/spex-optometry
ST LUCIA EYE CENTER,ST LUCIA EYE CENTER,1,https://khannainstitute.com/st-lucia-eye-center
,STATE STREET OPTOMETRY,2,https://khannainstitute.com/state-street-optometry
,STEIN OPTOMETRIC CENTER,3,https://khannainstitute.com/stein-optometric-center
"STEVEN J. SIMPSON, O.D.","STEVEN J. SIMPSON, O.D.",1,https://khannainstitute.com/steven-j-simpson-o-d
STEVEN S. BAE,STEVEN S. BAE,1,https://khannainstitute.com/steven-s-bae
"STEVEN SU, O.D.","STEVEN SU, O.D.",1,https://khannainstitute.com/steven-su-o-d
,STUDIO EYES OPTOMETRY,2,https://khannainstitute.com/studio-eyes-optometry
,STUDIOEYES OPTOMETRY,3,https://khannainstitute.com/studioeyes-optometry
,SUMMIT OPTOMETRIC CENTER,2,https://khannainstitute.com/summit-optometric-center
SUNNY OPTOMETRY,SUNNY OPTOMETRY,1,https://khannainstitute.com/sunny-optometry
SUNSET OPTOMETRIC CENTER,SUNSET OPTOMETRIC CENTER,1,https://khannainstitute.com/sunset-optometric-center
SUNSHINE OPTOMETRY,SUNSHINE OPTOMETRY,1,https://khannainstitute.com/sunshine-optometry
SURF CITY OPTOMETRY,SURF CITY OPTOMETRY,1,https://khannainstitute.com/surf-city-optometry
,TARGET OPTICAL,3,https://khannainstitute.com/target-optical
,TAYANI INSTITUTE,2,https://khannainstitute.com/tayani-institute
TEAGLE OPTOMETRY,TEAGLE OPTOMETRY,1,https://khannainstitute.com/teagle-optometry
TEHACHAPI OPTOMETRIC CENTER,TEHACHAPI OPTOMETRIC CENTER,1,https://khannainstitute.com/tehachapi-optometric-center
"TERI L. ALPERT, OD","TERI L. ALPERT, OD",1,https://khannainstitute.com/teri-l-alpert-od
,THE EYE CARE INSTITUTE AT WESTERN UNIV OF HEALTH SCIENCES,26,https://khannainstitute.com/the-eye-care-institute-at-western-univ-of-health-sciences
THE EYE SHOPPE OPTOMETRY,THE EYE SHOPPE OPTOMETRY,1,https://khannainstitute.com/the-eye-shoppe-optometry
THE LASIK VISION INSTITUTE,THE LASIK VISION INSTITUTE,1,https://khannainstitute.com/the-lasik-vision-institute
THE NEUROVISION CENTER,THE NEUROVISION CENTER,1,https://khannainstitute.com/the-neurovision-center
THE VISION CENTER,THE VISION CENTER,1,https://khannainstitute.com/the-vision-center
"THOMAS L. WOLF, O.D., FAAO","THOMAS L. WOLF, O.D., FAAO",1,https://khannainstitute.com/thomas-l-wolf-o-d-faao
"TIMOTHY P. OLINGER, O.D.","TIMOTHY P. OLINGER, O.D.",1,https://khannainstitute.com/timothy-p-olinger-o-d
TOLUCA LAKE OPTOMETRIC CENTER,TOLUCA LAKE OPTOMETRIC CENTER,1,https://khannainstitute.com/toluca-lake-optometric-center
"TOPA TOPA OPTOMETRY, INC.","TOPA TOPA OPTOMETRY, INC.",1,https://khannainstitute.com/topa-topa-optometry-inc
TORRANCE OPTOMETRY,TORRANCE OPTOMETRY,1,https://khannainstitute.com/torrance-optometry
TRENDY EYES OPTOMETRY,TRENDY EYES OPTOMETRY,1,https://khannainstitute.com/trendy-eyes-optometry
,TRICOUNTY EYE INSTITUTE,2,https://khannainstitute.com/tricounty-eye-institute
,TRUE VISION OPTOMETRY,3,https://khannainstitute.com/true-vision-optometry
TUSTIN MARKET PLACE OPTOMETRY,TUSTIN MARKET PLACE OPTOMETRY,1,https://khannainstitute.com/tustin-market-place-optometry
TUSTIN OPTOMETRY,TUSTIN OPTOMETRY,1,https://khannainstitute.com/tustin-optometry
,TWO TREES OPTOMETRY,2,https://khannainstitute.com/two-trees-optometry
UCI HEALTH EYE CARE SERVICES,UCI HEALTH EYE CARE SERVICES,1,https://khannainstitute.com/uci-health-eye-care-services
UCI HEALTH GAVIN HERBERT EYE INSTITUTE,UCI HEALTH GAVIN HERBERT EYE INSTITUTE,1,https://khannainstitute.com/uci-health-gavin-herbert-eye-institute
UCLA STEIN EYE INSTITUTE,UCLA STEIN EYE INSTITUTE,1,https://khannainstitute.com/ucla-stein-eye-institute
,UNIVERSITY EYE CENTER AT KETCHUM,33,https://khannainstitute.com/university-eye-center-at-ketchum
,UNIVERSITY EYE CENTER KETCHUM HEALTH LOS ANGELES,6,https://khannainstitute.com/university-eye-center-ketchum-health-los-angeles
URBAN OPTICS OPTOMETRIC CENTER,URBAN OPTICS OPTOMETRIC CENTER,1,https://khannainstitute.com/urban-optics-optometric-center
,VA LONG BEACH HEALTHCARE SYSTEM,8,https://khannainstitute.com/va-long-beach-healthcare-system
,VA WEST LOS ANGELES MEDICAL CENTER,6,https://khannainstitute.com/va-west-los-angeles-medical-center
VALENCIA EYECARE OPTOMETRY,VALENCIA EYECARE OPTOMETRY,1,https://khannainstitute.com/valencia-eyecare-optometry
VALENCIA OPTOMETRY,VALENCIA OPTOMETRY,1,https://khannainstitute.com/valencia-optometry
VALLEY OPTOMETRY EYECARE CENTER INC.,VALLEY OPTOMETRY EYECARE CENTER INC.,1,https://khannainstitute.com/valley-optometry-eyecare-center-inc
VAN NUYS VISION OPTOMETRY,VAN NUYS VISION OPTOMETRY,1,https://khannainstitute.com/van-nuys-vision-optometry
VAN SUCH OPTOMETRIC INC,VAN SUCH OPTOMETRIC INC,1,https://khannainstitute.com/van-such-optometric-inc
VEH OPTOMETRY PROFESSIONAL CORPORATION (INSIDE OF COSTCO),VEH OPTOMETRY PROFESSIONAL CORPORATION (INSIDE OF COSTCO),1,https://khannainstitute.com/veh-optometry-professional-corporation-inside-of-costco
VENTURA OPHTHALMOLOGY,VENTURA OPHTHALMOLOGY,1,https://khannainstitute.com/ventura-ophthalmology
VENTURA OPTOMETRIC VISION CARE,VENTURA OPTOMETRIC VISION CARE,1,https://khannainstitute.com/ventura-optometric-vision-care
,VILLAGE EYES OPTOMETRY,2,https://khannainstitute.com/village-eyes-optometry
VISION CARE ASSOCIATES,VISION CARE ASSOCIATES,1,https://khannainstitute.com/vision-care-associates
,VISION CENTER BROUGHT TO YOU BY WALMART,2,https://khannainstitute.com/vision-center-brought-to-you-by-walmart
,VISION DEVELOPMENT CENTER,2,https://khannainstitute.com/vision-development-center
,VISION ESSENTIALS AT KAISER PERMANENTE MEDICAL CENTER,3,https://khannainstitute.com/vision-essentials-at-kaiser-permanente-medical-center
,VISION EXPRESS OPTOMETRY,2,https://khannainstitute.com/vision-express-optometry
,VISION PERFORMANCE OPTOMETRIC CENTER,2,https://khannainstitute.com/vision-performance-optometric-center
,VISION TO LEARN,5,https://khannainstitute.com/vision-to-learn
VISIONAIRE OPTOMETRY SPA,VISIONAIRE OPTOMETRY SPA,1,https://khannainstitute.com/visionaire-optometry-spa
VISIONMAX OPTOMETRY,VISIONMAX OPTOMETRY,1,https://khannainstitute.com/visionmax-optometry
,VISUALEYES OPTOMETRY,2,https://khannainstitute.com/visualeyes-optometry
VIZEN OPTOMETRIC CENTER,VIZEN OPTOMETRIC CENTER,1,https://khannainstitute.com/vizen-optometric-center
"W. ANDREW CIES, M.D., INC.","W. ANDREW CIES, M.D., INC.",1,https://khannainstitute.com/w-andrew-cies-m-d-inc
WALMART VISION,WALMART VISION,1,https://khannainstitute.com/walmart-vision
,WALNUT HILL PASADENA OPTOMETRICS,2,https://khannainstitute.com/walnut-hill-pasadena-optometrics
,WARBY PARKER,3,https://khannainstitute.com/warby-parker
,WEST VALLEY OPTOMETRY INC,2,https://khannainstitute.com/west-valley-optometry-inc
WESTERN U HEALTH LOS ANGELES,WESTERN U HEALTH LOS ANGELES,1,https://khannainstitute.com/western-u-health-los-angeles
WFT OPTOMETRIC GROUP,WFT OPTOMETRIC GROUP,1,https://khannainstitute.com/wft-optometric-group
WHAT A SPECTACLE OPTOMETRY,WHAT A SPECTACLE OPTOMETRY,1,https://khannainstitute.com/what-a-spectacle-optometry
WIDE EYE OPTOMETRY,WIDE EYE OPTOMETRY,1,https://khannainstitute.com/wide-eye-optometry
WINK OPTOMETRY OF WESTLAKE,WINK OPTOMETRY OF WESTLAKE,1,https://khannainstitute.com/wink-optometry-of-westlake
,WOODBRIDGE OPTOMETRY,2,https://khannainstitute.com/woodbridge-optometry
"WOODBURY FAMILY OPTOMETRY, INC","WOODBURY FAMILY OPTOMETRY, INC",1,https://khannainstitute.com/woodbury-family-optometry-inc
WOODLEY OPTOMETRY,WOODLEY OPTOMETRY,1,https://khannainstitute.com/woodley-optometry
,WORLD OPTIC,2,https://khannainstitute.com/world-optic
WRIGHT CENTER FOR PEDIATRIC OPHTHALMOLOGY & ADULT STRABISMUS,WRIGHT CENTER FOR PEDIATRIC OPHTHALMOLOGY & ADULT STRABISMUS,1,https://khannainstitute.com/wright-center-for-pediatric-ophthalmology-adult-strabismus
